{
  "metrics_per_class": {
    "car": {
      "ap": 0.5727187769229941,
      "precision": 0.5629139072847682,
      "recall": 0.794392523364486,
      "tp": 85,
      "fp": 66,
      "fn": 22
    },
    "human": {
      "ap": 0.6948051948051948,
      "precision": 0.5333333333333333,
      "recall": 0.8888888888888888,
      "tp": 8,
      "fp": 7,
      "fn": 1
    },
    "traffic light": {
      "ap": 0.2967617349970291,
      "precision": 0.3013698630136986,
      "recall": 0.5641025641025641,
      "tp": 22,
      "fp": 51,
      "fn": 17
    },
    "traffic sign": {
      "ap": 0.21378066378066374,
      "precision": 0.19117647058823528,
      "recall": 0.52,
      "tp": 13,
      "fp": 55,
      "fn": 12
    }
  },
  "mAP": 0.44451659262647036,
  "config": {
    "iou_threshold": 0.3
  }
}