{
  "metrics_per_class": {
    "car": {
      "ap": 0.5789269190638024,
      "precision": 0.5527950310559007,
      "recall": 0.8317757009345794,
      "tp": 89,
      "fp": 72,
      "fn": 18
    },
    "human": {
      "ap": 0.6831168831168832,
      "precision": 0.5,
      "recall": 0.8888888888888888,
      "tp": 8,
      "fp": 8,
      "fn": 1
    },
    "traffic light": {
      "ap": 0.23994143773716087,
      "precision": 0.2558139534883721,
      "recall": 0.5641025641025641,
      "tp": 22,
      "fp": 64,
      "fn": 17
    },
    "traffic sign": {
      "ap": 0.19320338105916857,
      "precision": 0.17567567567567569,
      "recall": 0.52,
      "tp": 13,
      "fp": 61,
      "fn": 12
    }
  },
  "mAP": 0.42379715524425376,
  "config": {
    "iou_threshold": 0.3
  }
}